日干支,局,象,本文
甲子,1,桜満開の象,若い内から周囲の羨望を独占し、限りない喜びに溢れた日々が約束されています。ところが、40代ごろ、ひとつの失敗から転落する危機の暗示が。これを乗り切るには、好調な青年期にも油断せず、トラブルに対する免疫をつけておくようにすることが大切です。運の良さに甘えず、困難に思えることにも真っ正面から立ち向かってみること。多少の失敗の連続にも焦りは禁物です。適性のある職業は中学校の教師や公務員、銀行員などの比較的堅い仕事。コンピューター関係の職業にも向いています。またあなたにとって恋愛や結婚は、人生の幸不幸を決定づけるほどの重大事項。相手選びには二重三重の慎重さを。
甲子,2,干潮満潮の象,一生を通じ、幸不幸の震幅が激しいのがあなたの人生。ツキがあるうちに波に乗らないと、不運の時期にさしかかったとき、失敗の連続にすっかりやる気をなくしてしまうかも。転職を繰り返すことはできるだけ避けたいので、仕事選びは慎重に。立場の安定した公務員などが良いでしょう。30代で一度大金を手にするチャンスがありそう。しかし、これを資金に事業を興したりするよりは、堅実に貯蓄すべきです。恋愛では、男女ともプライドが邪魔して、理想の相手を逃しがち。あれこれ考えるよりもまず、きちんと自分の気持ちを伝えることが大事です。大恋愛を経験して、自分の人生が一変する暗示もあります。
甲子,3,小川集まりて大河となるの象,苦労の多い幼少期を経て、人生は急激に開花します。職業面では基本的には法律に関する職業が適職なのですが、迷いも多く、さまざまな仕事を転々とするでしょう。自分の適性をはっきりと掴むまでに、多少時間がかかるため、もっと素晴らしい仕事が別にあるのではないかと考えてしまうせいかもしれません。しかし、国家資格などを取得し、それを活用することで、あなたの人生を上手に渡っていけるようになります。恋愛でも最初は困難がつきまといますが、ある年齢を境に魅力が発揮され、周囲の人気を独占します。若いうちの紆余曲折は、本物の愛にたどり着くまでのドラマと割り切って。
甲子,4,つむじ風の象,あなたの人生は波瀾万丈。何が起こるか余談を許しません。20歳を過ぎるまでは、何事も慎重に。事故の恐れもあるので、大きな冒険はなるべく避けましょう。30代以降には大きな活躍の舞台が用意されています。職業はイベント関係など、立案から実行、まとめまでをトータルで受け持つ仕事がピッタリでしょう。ただ、直接現場を担当するより、それを取りまとめる監督的な立場につくことを目指して。また人間関係のトラブルは30代からの飛躍にマイナスです。恋愛面では、あなたは常に異性からの注目の的。そのために周りには危険な罠もいっぱいです。相手をじっくり見極めて、本物の相手を選んでください。
甲子,5,光に惑うの象,あなたは20歳を過ぎると、不遇の時期が終わり、待望の強運期に突入します。しかしその強運がなかなかの曲者。流れに乗るにはちょっとしたコツが必要です。派手なものに一瞬ひかれても、それにはのめりこまず趣味程度に抑えておきましょう。職業は事務系の堅い仕事を選択するのが賢明です。飲食店関係は苦労が多いかも。思いがけないお金が手に入ると、それを交遊費に注ぎ込みすぎる傾向があるので注意。恋愛関係は華やかですが、少々モテすぎてのトラブルの心配が。また恋愛にお金が絡んだりすると厄介も増えます。強運な人ほど自分の運の流れの見極めが大切。潔く引くことが次のチャンスを呼び込みます。
甲子,6,鋼鉄の意志の象,青春時代の苦労をバネに、その後どこまでも伸びていける人です。むしろ若いうちは進んで逆境に身を投じましょう。困難にぶつかっても親や兄弟はあてになりません。あくまで自分の道は自分で切り開いていく気概が大切です。職業上の成功の鍵はズバリ「独立」。男性は肉体を使う職業が、ひと旗あげる近道です。女性は外交的な分野が良いでしょう。セールスレディでもいいし、語学が得意なら通訳なども適職です。恋愛では、少々頑固なところが災いして、相手に理解してもらうのに時間がかかるかも。しかし結婚生活の幸運は保証されています。女性は玉の輿に乗ることも夢ではありません。
甲子,7,驚愕繰り返すの象,人生には予期せぬ出来事がつきものですが、あなたの場合、それが多いのです。幸運が舞いこんできたかと思うと、突然の事故・病気・リストラや離婚など…。全く油断できない人生。でもこの運気は最小限で食い止めることができます。とにかく青年期にはっきりと進路を決めてしまうこと。もし決めかねたら、国家資格などにチャレンジしてみましょう。就職するときには、なるべく大きな企業を選んでください。恋愛面では、心の通じる相手との出会いがあります。でもあなたの場合、恋愛と結婚は別と考えた方が吉。お見合いによって決めた結婚で幸せをつかめるでしょう。
甲子,8,約束された栄光の象,あまたの人生には不思議な援助者が現れ、何もせずに財を築き名声を得られる幸運が約束されています。しかし、それには親からの独立が必須。早いうちから独立し、世界に目を向けることです。商社関係の職業があなたに向いているでしょう。生涯を通じて異性にサポートされる運命ですから、女性も思いがけないチャンスを得て、国際レベルで活躍していくはずです。若いうちに地位と財産を築くことで、落ち着いた老後を迎えることができます。一方恋愛ではかなりオクテ。好きな相手をライバルに奪われてしまうこともありますが、本当の相手は必ず現れますので、あまり焦らないで。
甲子,9,鼓動休むことなしの象,普段はクールに装っていても、本当はとてもやさしいあなた。特に親や兄弟、親戚から頼られるとイヤとはいえないため、あれこれ面倒を抱え込んでしまうかも。それが原因で、仕事にも支障をきたしてしまう可能性もあります。それを防ぐためにも、できれば郷里を離れた場所で暮らすのが理想的。仕事は、精密機械を相手にするコンピューターのプログラマーならばまさに適職です。飛躍的に財産を蓄えることができるでしょう。恋愛面では、初めのうちは何度か挫折を味わうかも。家族や友人の干渉に悩まされることがあるかもしれません。しかし、結果的には愛する人と結ばれる運勢。
甲子,10,竜頭蛇尾の象,初めは勢いがよく進むのですが、そのうちなぜかパワーダウン。最後までやり遂げることがどうも苦手なあなたです。20歳からのもっとも充実した期間にも、その傾向は続くかも。しかしあなたの人生には、もともと楽しみがいっぱい用意されています。人生の目的をあれこれ考えたりせず、ノホホンと平和に暮らすのが、あなたにはふさわしい生き方。職業面でも、あまり遠大な野望は抱かずに、公務員のような立場の保証された仕事を選んで堅実に勤めること。お金の苦労とは縁が無いでしょう。若いうちは多くの恋に恵まれますが、一度結婚すれば家庭人。経済的にも安定し、円満な家庭を築けるでしょう。
甲子,11,水の下の欲情の象,若年期、壮年期、晩年期と運勢的には全く不安要素のない恵まれた人生。しかしあなたにとってはなぜかその平和がかえって息苦しく、不平不満を感じてしまうことも。そのエネルギーは仕事以外のボランティア活動などに振り分けましょう。あなたの幸せを周囲に分けることが、名声を得るきっかけにもなるはず。もし不満を持ち続けていると、それは恋愛上のトラブルとして、人生を狂わせる要因にもなりかねません。禁じられた恋に自ら飛び込んで駆け落ちなど、さまざまなトラブルを引き起こすことも。あり余るパワーの発散の場をいくつか持つことで、過激な恋に引きずられる危険を回避することができます。
甲子,12,風邪待ちの象,成功と失敗が極端に分かれそう。逆境に対して、どれだけ我慢できるかが、幸運の鍵になります。周囲の状況に振り回されず、チャンスが到来するまで根気よく待機できれば、あなたは成功者として勝利の美酒に酔えるでしょう。仕事でもそつなくこなせる能力を持っています。一度挫折を味わっても、すぐに投げ出さず踏みとどまって。そうすれば、ほどなく幸運が向こうから近づいてきます。恋愛でもあせってはいけません。最初は周囲と見比べて、自分だけ恋人がいないと寂しさを味わうかもしれませんが、あなたにはそのあとに、奇跡的な大恋愛が待ち構えています。
乙丑,1,黄金の守護神の象,生まれつき、土地や家屋の縁が強く、それは生涯薄れることがありません。親からの財産を受け継ぐか、自分で財を成す方法を探り当てるなどで、大きな苦労をせずに成功者となれる数少ない人物のひとりです。職業は男性なら不動産鑑定士、女性なら生け花の師匠など、土に関する仕事に就くことが成功の時期を早めるでしょう。恋の相手とは、旅行先の田園地帯などで思いがけずめぐり会う暗示があります。都会で見つけようとするとひと苦労かもしれません。自分とは感覚の違う相手ともしっかりと尊重できる心の広さを持っているあなたですから、結婚後も愛情に満ちた生活が送れるでしょう。
乙丑,2,静かなる森の象,あなたは積極的な人間になりたいと思っているのでは？でも、積極性はかえって命取りになりかねません。消極的でおとなしくても、あなたのような優しい人間には運は微笑むのです。仕事面でも営業関係は向いていません。一時的にはうまくいっても、いずれは精神的に参って病気になってしまうかも。デスクワークがあなたの適職です。税理士や司法書士などの資格があれば万全。晩年に体調を崩す暗示がありますので、それに備えておくことも大切です。恋愛は、あなたをかわいがってくれる相手が出現します。あなたを励まし、時には厳しく叱ってくれる相手と結婚すれば、楽しい一生が保証されるでしょう。
乙丑,3,岩戸の象,あなたが目的を果たすためには、かなりの障害を克服しなければなりません。20歳までには特にその障害に耐えられず、自分の目的を見失いがちに。しかし、諦めたところでその障害が消えるわけではないのですから、ここは頑張って耐え抜くこと。職業は司法関係が向いています。あなたの自信の開運にもつながるでしょう。また、ビル掃除の会社などを興すのも吉。恋愛面では、なぜか遠距離恋愛が多い暗示。でも試練のある恋こそ、あなたにとっては幸せになるための鍵なのです。連絡をこまめに取ることなどを心がけて恋をまっとうして。楽な恋に走っても幸せは見つかりません。
乙丑,4,雷鳴すれど雨降らずの象,希望と活力に満ちた10代なのに、青年期になるとなぜか他人任せになってしまうこところが、あなたの人生の落とし穴。何事も自分でしかけなければ、幸運はつかめません。かけ声だけでなく実際に行動に出てはじめて、財運を手に入れられるのです。職業は普通のサラリーマンでOK。でもあなたの場合、サイドビジネスを持つと開運につながります。特に20代では一日一日を大切に過ごしましょう。それが大きな夢の実現につながります。同じ目的を持つ相手と濃密な恋をしそう。でも結婚を考えるなら人格面をしっかり見つめて。そうすることで、空虚な結婚生活を回避することができます。
乙丑,5,貴人安楽の象,まるで王族貴族のような優雅な人生が、あなたの前に広がっています。どんな苦難に遭遇しても、そこから逃れる幸運に恵まれるでしょう。もちろんその幸運も奇跡などではなく、ふだんからつき合いのある周囲の人々の温かい援助のことです。ですからあなたにとっては、日頃から大勢の人と分け隔てなくつきあうことが大切なのはいうまでもありません。あなたの場合、職業として絵画やデザインなどの関係が向いています。その場合も、エレガントな雰囲気を保ち続けること。手を汚すような仕事は、貴人運を損ねます。恋愛面でも上品な相手がピッタリ。刺激に欠けるきらいはあっても、男女ともに良縁に恵まれます。
乙丑,6,ほほえみの中の棘の象,あなたは世話になった恩人に対して、なぜか恩を仇で返してしまうような傾向があります。上昇志向が強い分ついつい自分のことばかり考えてしまい、時にはそれが裏切り行為につながることがあるのです。とくに20歳からの20年間は要注意。初めのうちはトントン拍子に物事が進んでいくので、その好調を保ちましょう。危険なふるまいをしないようにするには、職業に奉仕的な仕事を選ぶことがポイント。そうすれば平和な一生を送ることが可能です。恋愛でも、裏切りの罠に落ちないためには真心が鍵。相手に対して常に誠意を尽くすことで、安定した恋愛を手に入れることができます。
乙丑,7,マイナスから出発の象,無一文から成功者となる運命をあなたは背負っています。少年期は学校の成績が多少ふるわなくても気にすることはありません。勝負の時期は社会人になってから。あなたの本当の頭のよさが、人間関係を巧みに操縦することで発揮されるでしょう。土地に関しての縁が強いので、不動産関係の仕事が適職といえます。しかし、得た財産を晩年に全て失ってしまう傾向が。くれぐれも欲を出しすぎて投機的なものに手を出したりしないようにしましょう。恋愛面でも恵まれています。熱烈な恋をいくどか経験したのち、その中の最高の相手とゴールインすることが運命に刻まれています。
乙丑,8,猛烈な衝突の象,あなたは一生を通じて大いなる野望を抱き続ける人。幼少のころから、自分は何かしなければいけないという、なぜか脅迫的ともいえる使命感を持ち続けています。それは壮年期に見事に実を結びそう。周囲の親しい人を安心させる献身的な心配りを忘れなければ、成功と安らぎを二つながら手に入れることができるでしょう。職業面では、実業家に向いています。あなたの大きなパワーが、成功にダイレクトに結びつくからです。恋愛ではあなたの持つ迫力についていけなくなった相手からの、裏切りに遭う可能性が。相手に安心感を与える心配りと同時に、肩の力を抜くこともお忘れなく。
乙丑,9,新世紀の旗手の象,革新という刺激を求めて一生を過ごすのがあなたです。常に新しいことに興味を持つうちに、それが生活の基盤となり、世界に名前を馳せることも十分に予想されます。人と同じことをする平凡な人生では、宝の持ち腐れ。不平不満を抱えて終わらないためには、職業にアート関係を選ぶことが肝心。あなたの奇抜なアイディアと実力が見事にいかされ、ぐんぐん伸びていくのは確実です。恋愛にはちょっと用心が必要。常に新しいものを求める探究心が恋愛にはマイナスに働き、危ない恋にはまってしまうことも。結婚後に恋愛のトラブルを起こすと、事業面でも命取りになりかねません。自制をする気持ちを大切に。
乙丑,10,色情の海に溺れるの象,男女関係が、あなたの全てを決定します。あなたはもともとばく大な財運を持つ運命。しかし男女問題に忙殺されるうちに、その財運に気づかずに過ごしてしまう可能性があります。勉強面でも仕事面でも高い能力を持ちながら、恋愛問題が原因でその能力を発揮できずに終わってしまいやすいのです。職業は、男性なら土木関係、女性なら幼稚園の保母さんなど、どちらかというと異性との関わりの薄い仕事が財運開発の条件です。恋愛経験はかなり豊富。一生のうちに何度かは恋愛のトラブルに巻き込まれるかもしれませんが、仕事に打ち込み、足下をしっかりかためておけば大事に至らずにすみます。
乙丑,11,九死に一生の象,あなたの人生には、吊り橋を渡るようなハラハラドキドキの面が。危ない橋を渡り、向こう岸の幸せを手に入れるという人生です。多くの場合は、途中で失敗するのですが、あなたはそこを上手にクリアできる人。優しさにあふれた性格が、危険な場面を乗り越える力をもたらしてくれます。青年期には各地を転々とする職業に就くでしょう。しかし、それが成功の鍵になるのです。転勤が多い職業に進んで就くのも長い目で見ればプラスです。恋愛では、あなたの優しさを温かくフォローしてくれる相手と親密な関係に。遠距離恋愛や結婚後の単身赴任の可能性もありますので、コミュニケーションに気を配って。
乙丑,12,友が沈み我が浮かぶの象,友達選びであなたの一生が左右されそう。学生時代は仲間に悪い道に誘われてしまうことが。気の進まない誘いはきっぱり断る勇気も必要です。悪友とのつき合いはほどほどにして、自分を高めてくれるような交友関係も発掘しましょう。万一落ち込んだときも立ち直るのを助けてくれます。職業には警察官や自衛官などの規律の厳しい仕事が向いています。女性なら華道や茶道に親しむことも重要。恋愛にも友達の影響がありそう。友達との三角関係や中傷に悩んだら、本人とよく話し合って。ピンチのときに正面から向かいあてくれる友達を選ぶことが、恋愛をスムーズに進めるうえでも鍵に。
丙寅,1,暴風雨の象,若いころは新しい生き方を模索するため、トラブルも多め。次から次へと難題が降りかかり、また金銭的にも苦しいでしょう。しかし25歳を境に人生に陽光が差し込んできます。とりわけ出世運が輝いていますから、官公庁に勤めれば、かなりのポストまでのぼり積めるでしょう。女性も隠れた才能を発揮し、男性を尻目にのしていく運勢です。ただ恋愛面では、あなたの持つ優しさが逆に作用して、相手を甘やかしすぎてしまいそう。自分が傍に着いていないとダメになりそう、と思うような相手に恋に落ちやすい運命なのです。何かと頼られることが多いので、結婚後の主導権もあなたが握ることになりそう。
丙寅,2,頭脳明晰の象,幼少のころから鍛えられることもあり、数々の才能に恵まれるあなたですが、初めはなかなか芽が出ずにあせることも。自分の能力の高さを過信して、大切な人との人間関係を疎かにしていないか、ときどきチェックしてみましょう。職業面では、設計関係などに適性が。あなたの柔軟な思考力が遺憾なく発揮されて成功につながるでしょう。また女性はファッションデザイナーなども適職ですが、同じ服飾関係でも販売にかかわるのは不向き。恋に泣き、恋に笑う恋愛体質を持っていますので、好きな相手に対してはいつも一途。数々の試練もその情熱で乗り越えていきます。結婚後は、おおむね幸運に恵まれそう。
丙寅,3,不動と行動の矛盾の象,晩年はお金に恵まれた幸福な生活が保証されていますが、そこにたどり着くまでの人生にはいくつかの試練が。よかれと思って行動を起こそうとすると邪魔され、落ち着こうとすると突かれるなど、なかなか思うように進まないことがしばしば続くでしょう。しかし、そういうときこそ生き方を見直すチャンス。特に異文化との接触が、飛躍のきっかけになるでしょう。海外と関係のある職業も開運の糸口に。また恋愛相手の範囲も国を超えて広がりそうです。始まりは難航しても、それを乗り越えればかなりドラマチックな関係に。結婚生活に入れば、主にあなたのペースで物事が進んでいきそうです。
丙寅,4,夢のまた夢の象,10歳までの恋愛に、あなたの人生の成否がかかっています。あまり幸せではない恋愛は、その後の人生にも少なからず影響が。夢をみるだけが楽しみな現実逃避の生活に陥らないよう、恋の相手が問題のある人ならば、その恋を早くリセットして。信頼できる人に相談し、客観的なアドバイスを受けることも大切でしょう。職業には、異性を相手にする職業を選ぶのが、財を築く近道です。男性なら宝飾商、女性は紳士服の経営者などを目指すといいでしょう。しかし仕事関係者との恋愛にはくれぐれも注意を。自制心が幸運の鍵となります。なお、結婚は多少遅めのほうが、幸せな家庭を築けるでしょう。
丙寅,5,光輝一点の濁りありの象,あなたは本来、自由な発想を武器に人生を切り開いていく運勢を持っています。しかし、主に10代のころちょっとした過ちがもとで、不遇をかこつ危険が。その期間は、女性は恋愛、男性は仲間関係に特に注意が必要です。ここを用心しつつ問題無く乗り越えることができれば、あとは運勢がよい方向へと自然に進んでいくでしょう。コピーライターやコラムニストとしての才能は高く評価されるはず。恋愛面でいうと、男性は少し惚れっぽい傾向。悪い女性にかかわらないように注意してください。女性は、相手の男性に不満を持ちやすいので、結婚を考える相手については、ささいな疑問をしっかり解消して。
丙寅,6,改新の象,新しさを求めて世界に羽ばたくのが、あなたの本来の人生です。古いものにとらわれたり、旧態依然の家族制度に縛られていると、あなたの運勢は停滞してしまいそう。郷里を離れ異国に渡って成功するタイプなのです。おすすめの職業は旅行関係。ツアーコンダクターなどで現場の経験を積むと、思いがけない成功の鍵が見つかる可能性が大です。恋愛面でも、華やかな恋のチャンスが若いうちから次々に訪れます。まさに映画のようなロマンチックな恋も、何度か経験できる暗示です。いずれも過去の恋に縛られず、自由に恋の醍醐味を満喫できるでしょう。結婚後も、相手の協力を得て、さらに躍進できます。
丙寅,7,身から出る錆の象,恩に恵まれる運勢を持ちながら、あなたはその恩人に、無意識のうちに後ろ足で砂をかぶせてしまうような面を持っています。何事もいいところまでいくのに、あと一歩のところで挫折してしまいやすいのもここに原因がありそう。一生を通じて名声と財運に守られているので、その点に注意するだけで、満足のいく生涯を送れるでしょう。男女問わず、適職はズバリ実業家。いつまでも会社勤めの立場に甘んずると、適正の不足から裏切りめいた行為に及んでしまう可能性が。早いうちからトップを狙うべき。恋愛の機会が多いので、交際も派手になりがちですが、度が過ぎると家庭がおろそかになりますので要注意。
丙寅,8,晴天の雨の象,あなたに親しみもてる人格が認められ、若いころから出世コースに乗るでしょう。公務員関係が適職ですが、大きな会社でもトップにのぼりつめることができます。女性も、男性の中でひときわ輝く実力を発揮するはずです。これらはすべてあなたの人柄のなせる技。しかしあなたは、外面のよさに反し、プライベートではかなりのわがままな人間。仕事ではできる我慢も家庭では続かず、時には自分を見失って暴力に訴えてしまうことも。恋愛においても、親しくなるにつれわがままが出てしまい、相手に呆れられる恐れがあります。親しい人たちとの適当な息抜きを常に心がけ、我慢をためないようにしましょう。
丙寅,9,黄金の象,お金に彩られた一生を送りそう。お金が原因で幸せにも不幸にもなります。お金に操られた一生を送るのがあなたなのです。そんな運命をより快適にまっとうするためには、たとえば小さくても自分の店を持つなどがおすすめ。業種は問いません。自分の店があれば、しなくてもいい悩みから逃れられるでしょう。あなたは、誰よりもお金のありがたみと怖さを知る人なのです。恋愛のうえでもそれは大事なポイント。一瞬の恋のために破産するケースもないとはいえません。もし「貧乏神」の相手と結婚したら一巻の終わり。貧乏だけでなく、病気が次々と襲いかかってくる始末。結婚にはいっそうの慎重さが求められます。
丙寅,10,欲と色の天秤の象,20代、30代はあなたにとってチャンスでもピンチでもある時期。なぜなら、その期間に金運と色欲運が重なって到来しているからなのです。比較的裕福な家庭で育つ可能性が高いあなたですが、その時期に甘やかせすぎているなら要注意。色情の権化となり、代々の財産をくいつぶす可能性を、運命が警告しています。職業については転職を重ねることで次第に自分に合う生き方を見つけられる暗示があります。でも、デスクワークには不向き。人脈を生かすことが運勢を伸ばす基本です。また、配偶者を一時の恋で決めると、経済的な問題に見舞われる可能性が。冷静な選択眼を持つことを忘れずに。
丙寅,11,玉の輿の象,あなたは異性によって地位と財産を手にすることができる運命を持っています。しかもそのチャンスは10代のことからめぐってきそう。30代後半まで連続して、女性なら玉の輿のチャンスがあり、男性は女性の援助で相当の地位まで上ることが可能です。まさに現代の国盗り物語。名もないところから、見上げるような地位にのしあがれるのです。仕事は職種は問いませんが、デスクワークは不向き。異性のいる職場を選ぶことも忘れてはいけません。だからといって、相性のよい相手を意識的に探すのはマイナス。あなたは悪い相手が接近できない幸運を持ち合わせています。最高の相手は自然に現れるでしょう。
丙寅,12,だるま大師の象,人生につまづくとしたら、それは衝動的な行動から。あなたは「座して謀るに良い」運命なのです。一生を通じ、交友関係に恵まれて、そこから階段を上るという幸運のもとに生まれていますが、口車に乗りやすい欠点も認めなければなりません。この欠点を認め、簡単なことでも、あえて計画してからはじめることこそ、あなたには重要な意味があります。仕事では参謀役がふさわしいでしょう。経理関係なども適しています。恋愛では、派手な商売の人と縁がありそう。ここでもやはり恋に対するビジョンがあるなしで、幸せの行方が決まります。結婚後は苦労の多い暗示。お互いの努力が幸福への鍵となりそう。
丁卯,1,年老いた伏龍の象,大器晩成の運勢です。才能があるのに、それを認められるまでに少し時間がかかりそう。光明明達という未来は、晩年近くにやっとかなうのです。もし、あなたが平凡でも良いというなら、公務員が最適。しかし、夢が文筆業画家などなら、給料が安くても自分の時間を持てる仕事を選ぶこと。その夢に向かう姿勢を崩さない限り、あなたの希望は必ずかなえられます。恋愛でも、初心貫徹すれば思いが通じます。永い春にあせってはいけません。ただし、結婚生活では配偶者に主導権を与えるようにしてください。その方が生活が安定するでしょう。
丁卯,2,夏の蟻冬に備えるの象,あなたのチャンスは若いうちから訪れます。少なくとも20代に3回、30代と40代に1回ずつチャンスが用意されています。思いもかけない方面から、神の手によるものかと思われるようなチャンスが次々に到来するはず。それを逃してはいけません。あなたの適職はデザイン関係ですが、チャンスは別の業種でめぐってくる可能性も。それをいかして、晩年は家庭面・健康面でトラブルの暗示が。それに備えるためにも、40代までの飛躍の場を積極的にいかしてください。恋愛面では、あなたが尽くす側になるかも。でもそれが幸せへのパスポートなのです。
丁卯,3,雨後の虹の象,若いうちに各地を移動するか、放浪をする暗示。つまり20歳以前に、貧困・離別・絶望など、恋愛や人生においての苦労をしつくす運命が、あなたに課せられているのです。しかし、年齢を重ねるとともに開運の兆しが現れ、壮年期には一気に開花するでしょう。職業としては、美しいものを社会に広めていく仕事に適性あり。デザイン関係やテレビ局、画廊がもっともふさわしい仕事です。あなたのどこか影を秘めた神秘的なムードが、異性の目に遊び人と映るかもしれません。でも、本当の相手はちゃんとあなたを理解してくれます。そして、濃密な恋愛を経て安定した結婚生活への道をたどるはずです。
丁卯,4,悩み重なれど光明に輝くの象,不満の多い青春時代を過ごし、運が開くのは30代になってから。都会に出てはじめて自分の目的を発見する運勢なのです。数々の職業を経験し、親や友達から心配されることも。しかしある日突然幸運が舞いこみ、あれよあれよという間に名声を獲得していくでしょう。放送関係に携わることが、あなたの幸運のドアを開きやすくするポイント。不遇の時代にも、日頃の努力の積み重ねが大事です。しかし、恋愛面では我慢は禁物。ともするとそれほど好きではない相手と結ばれ、居心地の悪さをいつまでも我慢し続けることになりかねません。適当なところで手を打とうなどと考えずに粘って。
丁卯,5,色は仁を流すの象,人生の重要な時期に、恋愛問題がもとになって信用を失う危険がありそう。あなたはどちらかというと、道徳心より本能のおもむくままに進んでいくタイプなのです。特に中年期に恋に落ち、色恋のトラブルによって孤独な晩年を送る可能性がなくもありません。そうした不運を回避するには、本能的な衝動を何らかの形で仕事に生かすことです。そうすれば、30代で大きな成功をおさめることができそう。歴史に名を残すことも夢ではありません。誰も手を出せない分野についての新しい試みが開運の鍵となります。くれぐれも色情沙汰には注意し、常に周囲の信頼を勝ち取る努力を心がけましょう。
丁卯,6,和を求めて定住するの象,平穏をもて求めているにもかかわらず、若いうちは何かと誤解されてトラブルに巻き込まれるかも。しかし壮年期には他人の協力を得て安定した生活を確保できるのがあなた。経済的な苦労はあるかもしれませんが、仲間とのコミュニケーション運がしっかりしていますから、ピンチに陥っても助けを得られるでしょう。人生の喜びを悟れる人です。仕事は、官庁関係は不向き。役所仕事では災いが生じやすい傾向です。規模は小さくても自営業が適しています。恋愛でも、和を重んじるあまり、好きでもない相手を受け入れてしまいそう。あなたの気持ちを通すことが、結局ふたりにとってプラスになります。
丁卯,7,磨かれざる玉の象,あなたは豊かな才能と感性の持ち主。もしその天分を十分に生かし切れていないと思うなら、それはあなたの怠け癖が関係しているのかも。恵まれた環境を与えられても、なぜかそれらの天分を発揮できないのは、青春時代の家庭環境に原因が。あなたの両親は、深い愛情を注ぐあまり、せっかくの幸運をねじ伏せてしまいやすいのです。厳しすぎても優しすぎても、あなたには逆効果。ひとり暮らしをすることで、才能をいかせる運命なのです。それによって才能はますます磨かれるはず。職業は建築関係がベスト。自動車の設計も適職です。また異性からの誘惑も多く、20代は恋の花盛りです。結婚運も申し分なし。
丁卯,8,禁じられた恋の象,あなたはとても器用な人でも成功直前にはそれまでの倍のパワーと持久力が必要なことをしっかり自覚していないと、ちょっとした油断から、何事も中途半端に終わってしまうかも。あと一息のところで意志力を発揮することが成功のカギです。仕事は美容関係が吉。あなたの財運にリンクします。に容姿や理容師で一躍名声を得ることもできるはずです。またあなたにとって、恋は人生の大きな領域を占めています。20代にはちょっとした不倫運がしかけられていますので要注意。ここでもやはり意思の力で誘惑に勝つこと。結婚後は仲の良い夫婦になれますので、落ち着きを心がけきて。
丁卯,9,吉凶すべて成るの象,物事には何でも表と裏があります。その両方をあなたは経験するでしょう。幼少期は挫折の連続です。しかし理知的なあなたは、それを克服できるでしょう。そして、それらの負の体験を逆手に取り、幸運をつかみ取る才覚を発揮するはずです。仕事にはお洒落に関係するものが吉。美を追究する仕事が似合っています。一般事務も悪くありませんが、上司や同僚との色情のもつれには注意を。ささいなことから事件を引き起こす可能性が潜んでいます。どちらかというと直情型のあなたは、生涯を通じて浮気に引かれる傾向が。それもあなたの美意識のひとつなのですが、幸運には結びつきません。誠意ある交際が吉。
丁卯,10,奇跡の幸運の象,今のあなたは、自分に何の取り柄もないと自信をなくし、また自分はいったい何者なのかと疑問を抱いているかもしれません。しかし、信じられない奇跡が待っているのです。たとえば絶体絶命のピンチに陥ろうと、濡れ衣を着せられ、誰からも見放されたとしても、それを逆転するほどの幸運が訪れます。仕事はできれば自由業。ライターや小説家などだれにも頼らなくてもすむ仕事で、あなたの逆転の幸運を独占できるでしょう。恋の相手は、どちらかというと幸薄い人。でも頼りにされることであなたも相手も幸福に。愛情があふれ、確かな絆に育っていきます。結婚後も頼りにされ、満足のいく生活です。
丁卯,11,身内に暴かれるの象,あなたは頭がよく、外見的にもかなり恵まれた容貌の持ち主のはず。おそらく若いころは異性からひっぱりだこの人気を集めるでしょう。職業もテレビ関係や雑誌社など華やかな業種が向いています。事務関係の地味めな仕事ではあなたの才能は発揮できません。幸せの秘訣は早婚より晩婚。地位を確立し、また人間関係の見方がかたまる30代に入るまで、結婚の時期を延ばすことが賢明です。そして独身の間に周囲の期待に応えるような活躍をし突っ走りましょう。結婚後は少し仕事をセーブして、家庭に注意を向けるようにすると吉。配偶者を浪費家にする傾向があるので、適度なチェックが必要かも。
丁卯,12,大勢を見るの象,小さな出来事に左右されがちな世の中にあって、あなたは大勢を感知できる才能の持ち主なのです。これからどの業種が伸びるかを、野生動物のようなカンで当て、無一文から大富豪になることも。ギャンブルでも抜群の予知能力を発揮します。この能力をいかして中年期までに相当な財産を蓄えることも可能です。商社などに就職すれば、5年も経たないうちにきっと頭角を表すでしょう。しかし、ちょっとした油断から、せっかくの財産を一夜にして失う暗示も。慎重さは常に忘れないでください。結婚は年下の相手が最高。周囲の猛反対にあったとしても、それを押し切れるような大恋愛。最後はきっと結ばれます。
戊辰,1,春の嵐の象,あなたは何事も真面目に、真っ正面から立ち向かうタイプ。そのエネルギーをもとに実力を発揮して、着実に地位を築いていく春爛漫の時代を、あなたは人生の早いうちに迎えます。職業的には堅い仕事は不向き。結婚相談所など、異性に接する仕事がいいでしょう。というのは、あなたにとっての試練時期が20代の終わりか30代前半、そして40代に、特に恋愛場面が待ち構えているからです。しかし、異性を相手にする仕事は、あなたの恋愛問題を未然に防ぐ免疫効果をもたらします。あまりまじめに考えすぎると、恋愛関係にはかえってマイナスになってしまうことも。時には肩の力を抜いてみて。
戊辰,2,踏み絵の象,あなたは非常にパワフルな人生が与えられています。普通の人では耐えられない試練でも、あなたは逆にそれをバネにしていけるのです。初年期、青年期と苦労はつきまといます。そんなあなたの適職は自由業。誰にも支配されず、だれをも支配しない職業で、幸運をより早く手にするでしょう。恋愛面でも初めはなかなか思うように進展しないかも。この人ならと信じて結婚しても、生活は針のむしろ。身内まで敵に回して孤軍奮闘しなければならないこともありそう。でも、それらの試練を乗り越えれば、幸運はもう目の前です。40代前後に不運は過ぎ去り、バラ色の世界に一変。本当の恋もここから始まりそう。
戊辰,3,旅を棲み家とするの象,あなたの人生は、さまざまな土地に移り住む渡世人のような運命。それによって名声と富をつかめるのです。郷里を捨てることから、人生が始まるともいえそう。もし郷里にとどまる人生を選択すると、今度は数奇な運命が待っているかもしれません。その方がかえって苦労が多くなってしまうかも。そんなあなたの適職は、運送業、タクシーの運転手、パイロット、女性ならスチュワーデス。各地を旅する仕事が、あなたの人生のドアを開いてくれるでしょう。恋愛面では、心の通じる相手と出会い、結婚に至ることができそう。しかし結婚後もなぜか秘めた恋にひかれる兆候がありますから、要注意です。
戊辰,4,早すぎた天才の象,先に憂い、後に喜ぶというのが、あなたの基本的な人生の経路です。あなたはいささか風変わりな考え方の持ち主。誰も見向きもしないことに夢中になり、青春時代は周囲から変人扱いされるでしょう。認められるのは早くても30代で、それまでは挫折と停滞の繰り返し。発明家などアイディアをいかせる仕事が適職です。成果はしっかり特許事務所に登録して。結婚は早いほうがいいかもしれません。あなたに理解を示す相手とめぐり会い、同棲から結婚へと進む可能性も高いのです。しかし、風変わりであっても、名声欲は人一倍。家庭内で認められるだけでは満足できません。自分が夢中になれる世界や空間を大事にして。
戊辰,5,財を捨て名を求めるの象,万事意のままの人生が、あなたに約束されています。ただ残念なことに、財運だけは例外。あなたには金銭ではなく、名声を得ることによって人生の喜びを得る人間なのです。人に尽くすために生まれたのだという使命を自覚することが大切。それさえ守れば、10代から得意分野で頭角を現すことができそう。頭がよく、勤勉で人望もありますから、もし望むなら政治家としても立派にやっていけるでしょう。しかし、お金に執着しすぎると危険。すべての信頼を失い失意のどん底に投げ出される可能性が大です。恋愛運は素晴らしく、人もうらやむ相手との大恋愛の末に結ばれ、相手を一生大切にするでしょう。
戊辰,6,暗夜の灯火の象,あなたの行く手では、古いものが崩壊して、代わりに新しいものが誕生するということが多いでしょう。公私を問わず大きな変化に立ち会う運命です。そのため、勤め先の会社の倒産や事業の失敗などを経験することがあるかもしれません。20代、30代では多少痛手を被るかも。そのときには思い切って目標を考え直す柔軟性をもつべきでしょう。また、目上の人との交際が開運の突破口になります。積極的に動いて。適職は電気通信関係。大きな会社より小回りのきく会社をすすめます。恋愛面では人生を揺るがす大恋愛の兆し。たとえ相手と死別や離婚をしたとしても、再婚で幸せがつかめるでしょう。
戊辰,7,愛に盲目の象,周囲から愛され、トントン拍子に人生の栄光への道を駆け上がっていくのがあなた。若いころから将来を期待される人物なのです。ところが、ある程度地位を固めたところでつい金銭欲に走り、周囲の人を軽視してしまう可能性があるのが不安要素。男性は30代、女性は20代のころがポイントです。それまで築いてきた基盤を失わないためにも、常に相手のハートに意識を向けておく努力を。適職は薬品会社などの医療関係です。恋愛でも、相手の学歴や財産ばかりに関心が行くと、純粋な愛情を育むには障害になってしまいます。もともと愛される魅力の持ち主なのですから、あれこれ考えすぎないで。
戊辰,8,病に難を逃れるの象,歩みは遅いものの着実に出世していく運勢をもっています。しかし、家庭内には多少の悩みごとを抱えるかも。配偶者とあなたの親が不仲だったり親や兄弟に頼られすぎてしまったり。逆に家族を当てにできる可能性は低め。その抑圧が重なると病気になってしまうことがあるほどのデリケートな体質。健康管理には人一倍気をつかう必要がありそうです。適職は鉄道関係。その方面の仕事に就くことで、自分の目的をまっとうできるはずです。恋をすると、相手の心が気になって好きなことを犠牲にしてしまう傾向が。「イエス・ノー」をハッキリさせるだけでこの悩みから解放されますので、心して意思表示を。
戊辰,9,虎の威を借りて虎になる象,あなたの人生は徐々に開花します。特に就職後は目上の人からかわいがられて、出世コースに乗るはず。若くして権力をつかむことができるでしょう。多少見栄っ張りであっても、陰でコツコツと力を貯えているので、いつの間にか本当の実力者となることは間違いありません。職業か官公庁がもっとも適職。大会社のエリート幹部になることも可能です。恋愛面でも恵まれています。人気ナンバーワンの相手のハートを射とめ、恋の美酒を味わうでしょう。結婚後は相手がずる賢く変身してしまうので、ちょっと驚くかも。しかしそのお陰で経済的に得をすることがありそうなので、ご心配なく。
戊辰,10,若木、風に揺れるの象,初年度は過酷。しかしこの激動の10代を乗り越えたとき、あなたに本当の幸せが訪れるのです。若いころの苦労を栄養に、自分で事業を興すのもよいでしょう。特に飲食関係を手がければ、大勢の客が詰めかけ、大成功をおさめることができます。幸い色情に狂うという星がないので、20代から結婚は安泰。思いやりがあって優しい人柄に、多くの異性が殺到するはずです。しかしその人気に飲まれることなく、たったひとりの相手を愛しぬく愛情にあふれた人なので、相手からもつくされることでしょう。
戊辰,11,恋に仕事を失うの象,あなたは隠れた経営手腕の持ち主。自分の人生をマネジメントする能力が備わっています。ですから、役所仕事には向いていません。達成感が得られにくく、かえって不平不満が募ることにもなりかねないからです。無理して続けていると、恋愛がらみの問題に巻き込まれてしまうかも。それよりはスーパーやコンビニの経営者を目指すべきなのです。30代ごろ金銭トラブルが発生しますが、親類縁者によって立ち直れますから、常日ごろから親戚とのつき合いは密にしておくこと。恋愛は何度も経験するでしょうが、まるでタイプではないと思うような相手が実は本命。相手と結ばれ、最後には深く愛しあいます。
戊辰,12,舵を失った舟の象,あなたは大きな目標を抱いている人。その人生は、海外に出ることで開かれる暗示です。インターネットを駆使して海外と交流したりすることで、その第一歩が踏み出せそう。あなたはもともと親との縁が強く、それが時としてしがらみとなり、あなたの目標達成の障害となってしまうことが。ほかに逃げ道をつくっていると、目標を見失ってしまう可能性があります。そうならないうちに海外留学の道か、外国での仕事を見つけて距離を置くことも必要かもしれません。恋愛では、好きな相手になかなか近づけず、いらだってしまうことも。でも黙っていては仕事はもちろん、恋も成就しません。勇気を持って踏み出して。
己巳,1,長い夜の象,恵まれた少年時代を過ごしますが、あなたの才能を花開かせるためには、かなりの準備期間が必要かも。場合によってはかなり年を重ねたうちにようやく実が結ぶケースもあります。しかし、そこに到達する間にも、一応の成果は上げられるので、案外幸せな一生といえるでしょう。あなたの適職はサービス業。ホテル関係や旅行代理店も向いています。また恋愛面でも、愛する相手と確実に結ばれるでしょう。たとえあなたが挫折したとしても、優しく救いの手を差し伸べてくれる相手と親密な関係を維持できます。そして、その相手といつまでも仲良く暮らすことが、運命に保証されているのです。
己巳,2,螺旋階段の象,渦を巻くように幸運が押し寄せてくる運命を手に、あなたは生まれてきました。一生の安楽が約束された、選ばれた人なのです。女性には妖艶な魅力や男性をとりこにする美貌まで備わっています。適職はその美貌をいかしたタレントやモデル。男性ならニュースキャスターもあなたの能力を最大限に発揮するでしょう。40代で重い病気にかかる暗示が。健康管理には常に気を配りましょう。晩年は、ボランティア活動で忙しくなりそうです。上下内外の人間関係はとても良好なのですが、配偶者の金遣いの荒さに泣かされることがあるかも。しかしそれでも愛情はタップリで、離別の危険はありません。
己巳,3,情に利を吸われるの象,情にもろすぎるのがあなたの弱点のようです。特に異性関係では注意しなければなりません。男性は部下の女性との恋愛で左遷の憂き目にあう暗示があります。女性は悪い男に貢いで、蓄えたお金を巻き上げられたり、家業をつぶしてしまうかも。この惚れっぽい気質を抑えるだけで、あなたは相当な成功をおさめられるでしょう。職業的には、男性なら土木建築関係、女性は翻訳や通訳関係の仕事がふさわしいようです。接客関係の仕事などは避けたほうが無難。恋愛問題にはちょっと悩まされそう。20代で愛情のもつれから危機を迎えるかも。しかし、それを乗り越えると安定しそうです。
己巳,4,大いなる理想、凶を破るの象,あなたの場合、強烈なパワーが生きるための武器なのです。天運を期待してはいけません。初めのうちは希望は実現しませんが、あなたにとって勝負は30代からです。女性でも社会に出て充実感を覚えます。家庭の主婦だけでは、生きる楽しみを知らずに終わってしまうでしょう。海外の特派員や冒険家、考古学の発掘などが、あなたの夢を実現させる突破口。恋愛の相手も、同じ夢をもつ人です。友達関係から恋へとスライドするでしょう。結婚後もまるで仲間同士という雰囲気が続きそう。セックス面で不満が残るのが残念です。しかし、どちらかが外に愛人をつくるような心配はありません。
己巳,5,白衣、一点の染みの象,一種のエリートコースを順調に進む運命が人生の初期に到来します。将来有望で、周囲の期待を一身に背負っています。おまけに美男美女。ところが、その美貌が災いの元になり、完璧に近い人生に一点の染みをつけるのです。異性からの誘惑に乗ってしまい、そのために失敗して苦労するかも。特に女性は、家庭を破壊したりすることがないように。若い時期だけでなく、中年以降にも恋の罠がしかけられている運勢なので、常に注意を怠りなく。また職業では医師、薬剤師、漢方医などの医療関係が適職です。いずれにせよ経済的な安定は保証されていますので、生涯を通じて金運は万全です。
己巳,6,失敗で立ち上がるの象,逆境に負けず立ち上がってこそのあなた。20代のミスが原因で、非難の集中砲火を浴び、これまでの権利を失うことがあるかも。しかしそれで終わるあなたではありません。挫折の度合いが強烈であればあるほど、そこからあなたの人生は新たに出発できるのですから。学校を卒業したあとは普通に就職しますが、それは本来の人生ではありません。あなたは事業家としての才能に恵まれています。そのため恋愛にも結婚にも政略的な意味合いがあるかも。社交の場として多くの来客を迎える、にぎやかな家庭となるでしょう。財運には非常に恵まれていますので、豊かな暮らしが送れそうです。
己巳,7,過去からの逆襲の象,あなたがどんな職業や立場にあるにせよ、中年期に突然のハプニングに遭遇しそう。過去の嘘や失態を暴かれ、進退に窮するでしょう。それまで順調だった運勢が停滞するかもしれません。それを避けるためにも、あなたは初年期のうちに手に職をつけておくべき。たとえば調理師の資格を取得して一流の料理人になるというのも一案。そこで培われた技術や人脈が、中年期のピンチを乗り切るのを助けてくれるでしょう。そうすれば、あとは静かな晩年が約束されています。恋愛は、なかなか華やかな暗示。結婚も一度では済まないかもしれません。巳を落ち着けるのはかなり先のことになりそうです。
己巳,8,戦いに生きるの象,功名、栄達が運命の遺伝子に刻み込まれています。激しい出世争いに勝ち残る、数少ない運勢の持ち主なのです。大会社でトップにのぼりつめるのがあなた。勤めていなくても、自分の店を切り盛りしたり、地区の会長として活躍する人もいます。恋愛はなかなか一筋縄ではいかないかも。報われない恋愛を何度も繰り返しそうな気配です。また、好きな相手にはそっぽを向かれるのに、この人だけはイヤだという相手とつき合うはめになるということもあるでしょう。結婚後は、パートナーを支えて仕事に邁進する暗示も。しかし健康面は折り紙付き。ですから、生涯を通じて若々しくいられそうです。
己巳,9,新しい船出の象,一見、仕事に恋に家庭にすべてが順調なあなた。しかし、それらを一度に捨ててしまいたくなる衝動が、あなたの中には存在します。強烈な確信の炎が体の内部に燃えさかっているのです。まるで維新の志士のようなあなた。しかし平和な世の中においては、そのパワーを使う場がありません。用心しないと冒険を求めて突然家を捨ててしまったりする可能性がありますのでご用心。幸い、恋愛面ではよき理解者が投稿して、スレスレのところであなたを救ってくれるでしょう。配偶者が非常によいのがあなたの特徴です。しかし、それに満足できずに新しい恋にお金を使いがちなのもあなた。晩年も忙しそうです。
己巳,10,名あって財なきの象,一生働きに働き、ホッとする暇もないのがあなたです。ほどほどに出生もし、自分なりの目標は達成します。けれどもなぜか財産はあまり残せそうにありません。もともと金銭欲は淡白なので、お金が入っても人に奢ったりして使ってしまうのです。人格的にはすばらしく、信頼を得ます。職業は一般の事務から営業まで何でもそつなくこなすタイプ。趣味も多彩で、カメラからフィッシングまでプロ級の腕前。器用貧乏とは、あなたのためにある言葉なのかもしれません。恋愛面でもあくまでまじめ。遊びの恋はできない人なのです。でもそんな誠意ある人柄が愛されて、結婚後の幸せは保証つきです。
己巳,11,愛で金欲に目覚めるの象,青春期にお金で苦労するのがあなたです。親の借金を背負って返済するケースもあるほどに。そこまでいかなくとも、かなりの貧しさを経験するでしょう。それでもピュアな心を忘れない人なのです。しかし、ひとつの失恋があなたを変えます。「最後はお金だ」と金欲に目覚め、めきめきと財産を築き、晩年はかなりの富豪にまでのし上がるでしょう。職業は男女とも各種の人材派遣業。また、芸能プロダクションで財を成すことも可能です。恋愛面では、失恋の痛手をひきずりやすいかも。でも、本来は愛されるタイプ。いろいろ考えすぎるのは、ただの取り越し苦労です。思い切って恋に飛び込んで。
己巳,12,千里の道も一歩からの象,人生の前半は忍耐の連続です。なかなか物事が進展せずトラブル続きで自暴自棄になってしまうかもしれません。でも20代後半から凶が吉へと変化します。それはある出会いがきっかけ。20代後半ある日、１本の電話から目の覚めるような幸運が到来する暗示です。それと同時に金運も飛び込んでくるでしょう。ですから、それまでに就く仕事はどんなジャンルでも可。その日までは転職せず、好機を待つだけでいいのです。いってみれば待機することがあなたの仕事。恋についてはなかなかの曲者です。独特なフェロモンを発して異性を釘付けにするでしょう。ある意味で、恋愛の達人です。
庚午,1,自分だけに通用する正義の象,あなたは正義感あふれる好人物。でもその正義が少々ひとりよがりのものだったりして、周囲とのトラブルを起こしてしまうことがあるかも。それによって孤立してしまったりしてはもったいもの。周りの意見にも耳を傾けてみましょう。適職は警察関係。優秀な警察官として表彰されるのは間違いありません。しかし、私生活では多少柔軟な態度を心がけて。また、あなたは意外に浪費家。計画的な貯蓄が重要です。恋愛面では、初めはなかなか打ち解けられないかも。しかし親密になっていくにつれ、相手を思う気持ちが深まります。結婚相手をあまり束縛しないのが長続きの秘訣。
庚午,2,権力に座するの象,あなたは一度得たチャンスを確実にとらえ、それを足がかりに一足飛びで社会の上位に君臨する確率の高い人物です。しかし高い地位にのぼりつめたとたん、その権力をふりかざしてしまう傾向が。持ち前の深みのある人格を失わないように気をつけて。適職は政治家など。知り合いの選挙の手伝いをすることからチャンスが広がります。また政治団体に所属しても自分の才能がいかせるはずです。恋愛では、前につき合った相手に似た人をまた探すということを繰り返す傾向。思い切って違うタイプの人を選ぶほうが幸せへの近道です。結婚後は、配偶者の強い援助を受けて、さらに飛躍するでしょう。
庚午,3,鬼の高笑いの象,あなたは非常に頑強な運勢の持ち主です。希望はすべてのジャンルにおいて達成できそう。職業は官公庁でも民会会社でも問いません。しかしダイナミックに羽ばたこうとするなら、外資系の会社をおすすめします。女性も国際的な活躍が期待できそう。40代でかなりの資産家となり、悠々と人生を謳歌することは間違いありません。ただ、恋愛問題にだけは気をつけて。女性は10代、男性は40代で致命的な色情事件を起こしそうな気配があります。たとえば、未婚の母となったり長年の配偶者と離婚してすべての富を失ったりなど。これが現実となれば、かなり状況はシビア。この時期には特に自制が大切です。
庚午,4,人生の手本の象,あなたは滅び去りつつある日本の美を備えた貴重な人。義理を重んじ、悪を憎む人です。人を裏切ることなどできないと思っているはず。男性なら大和魂、女性なら大和撫子。まさに人間国宝級の人格を有しているといえるでしょう。職業面では、堅い仕事で頭角を現し、必ずトップの座に君臨するでしょう。それでいて決して偉ぶることはありません。年齢を重ねるとともに頑固さが出てきて、晩年は孤独になりやすい不安があります。恋愛では、男性は女性らしい優しさにあふれた人と、女性は男らしいキリリとした男性と結ばれ、お互いを尊敬しながらゴールインするでしょう。浮気の危険も少ないはず。
庚午,5,天使が微笑むの象,あなたは時代を先取りできる鋭い感覚の持ち主。それが理解されずに、青春期ごろまでは仲間はずれにあい、孤立感を味わうかも。言動がことごとく周囲に受け入れられなくて、悲しみに沈むこともしばしばありそうです。しかし運命は、20代の幕開けと同時に一条の光明を投げかけます。芸能関係で大ヒットを飛ばす可能性が大。斬新な感覚をいかして自動車のデザインを手がけるなども成功への道です。恋愛ではまさにモテモテ。頭のよい現代的な相手と恋に落ち、若いうちに結婚するはず。配偶者はあなたのよき理解者となるでしょう。中年期以降は努めて家庭を顧みるようにしてください。
庚午,6,問題児改新の象,家庭環境にすねて、青春時代は不良の仲間入りをし、周囲をハラハラさせるかも。札付きの問題児として事件を起こすかもしれません。しかし心配は無用。社会に出ると目が覚めたかのように働き出します。大きな会社を興すような大飛躍が待ち構えているのです。あなたの内に潜むエネルギーが成功を目指す原動力として発揮される時期です。ともするとやんちゃ心が再び頭をのぞかせ、わがままを無理に通そうとしてしまいがちですが、やり過ぎは逆効果。恋愛は驚くようなすばらしい相手のハートをつかまえます。あなたの完全なワルにはなりきれない優しい部分が、相手にはひときわ魅力的に映るのでしょう。
庚午,7,両手に花の象,20代に浪費やギャンブルで借金に苦しめられますが、それ以外は幸運の連続です。特に恋愛では、信じられないような相手と恋に落ち、世紀の大恋愛を繰り広げるでしょう。結婚運も申し分ありません。配偶者とのまるで宝くじに当選したような、すばらしく楽しい生活が期待できます。仕事はエンジニアが適職です。女性はコンピューターのプログラマーの仕事に就くことで優雅な生活を確保できるでしょう。まさに恋愛運、金運ともに両手に花の人生です。ただひとつ問題なのは、20代でハマりそうなギャンブル。あなたはもともと賭け事には向かないタイプです。それを自覚して、早く手を引くこと。
庚午,8,暗雲、月を隠すの象,物事が滞りやすく、なかなか希望が達成できないと感じる部分はありそう。その最大の原因は異性問題に軟弱なためなのです。仕事では果敢な決断を下せるのに、恋愛では妙に優柔不断。その弱点を、敵に突かれやすいのです。運勢の暗雲を取り払うには仕事と恋愛をきっぱり切り離すこと。仕事は男性は警備会社、女性はビル管理会社などの堅いイメージの仕事が安全です。結婚運は、あなたは独特のこだわりを配偶者に理解してもらうのにちょっと時間がかかりそうですが、晩年は平和で豊かな生活を送ることができるでしょう。
庚午,9,清水に魚棲まずの象,あなたは潔癖で完全主義者です。あなたはコンピューターグラフィックのような精密な製品を高い完成度で仕上げる仕事に携わることで、20代から飛躍的に名声を得ることができるでしょう。世界に名をはせ、それによって財産を形成するはずです。逆に接客業・販売業ではあなたの才能はいかしにくそう。得意先や取引先に臨機応変に対応するということが、あまり得意ではないのです。恋愛ではかなりモテるほう。けれど潔癖な性格が裏目に出ると、相手となかなか親密な関係になりにくいかもしれません。この人だと思う相手を見つけたら、すぐにでも結婚を切り出しましょう。でないと後悔しそうです。
庚午,10,自己重複の象,あなたにはもともと普通以上の生活が確約されています。しかし、ここ一番というチャンスの直前に事故に遭うというアンラッキーな暗示が。あなたは大事な試験や打ち合わせの最中、不意にボンヤリしてしまったりすることはありませんか？危ない場面でうっかり気を抜いてしまっては大変ですこの点に注意すれば安定した人生が送れますので、常に注意を忘れずに。職業に自動車の整備士や歯科技工士などの技術系の仕事を選ぶことも、あなたの事故運を遠ざける方法のひとつです。恋愛運も順調です。数々の恋の浮名を流し、最終的には理想の相手と結ばれる幸せな運勢です。金運も悪くはありません。
庚午,11,我は本能寺にありの象,部下や友人の裏切りに用心しなければならない運命です。名誉と富には恵まれた人生ですが、裏切りはつきもの。油断は大敵です。あなたは合理的に考える才能に恵まれていますので、理数系の仕事に携われば、かなりの評価が得られます。特に女性は大学の研究員として社会に貢献できます。恋では悪い噂に悩まされがち。もっとも信頼していた友人が、恋愛において障害となるケースがあるかも。結婚相手とは多少性的にあわない場面がありますが、平和で暖かい家庭を築くことは確か。晩年に体調を崩す暗示がありますが、その場合は気候の穏やかな地方で静養を。そのためにも若いころからの貯えは大事です。
庚午,12,長距離走者の象,10代のうちは長い暗闇の時期。懸命にがんばっても報われることは少なく、生きているだけでヘトヘトになり、大変な忍耐を強いられそう。しかし、その苦労は20代にさしかかると報われるでしょう。金銭的には恵まれなくても、生きる意欲が猛然と沸き起こり、困難な仕事を見事こなしていくはずです。適職は、建築設計関係です。女性は仕事のほかにスポーツインストラクターなどのサイドビジネスで可能性が広がります。しかし、何といっても、あなたの幸せは恋愛。20代からは恋愛運も上昇します。身も心も完全に結ばれる相手と夢のような出会いをし、一生仲睦まじく暮らせる幸せが約束されています。
辛未,1,2番手に生きるの象,あなたはたいてい、第一志望ではなく第二志望のものを手にしているのでは。それが受験であれ、就職であれ、恋愛であれ、残念ながらあなたが一番ほしいものは手に入りにくい運勢です。実力はあるのに、と歯がゆい思いをすることもあるでしょう。しかし、あなたにとってそれが幸せへの道。第一志望のものはあなたにとって必ずしもふさわしいとはいえないのです。職業は漫画家や骨董品店経営などがいいでしょう。恋愛でも最も愛する人を諦めなければならない、という経験をすることがあるかも。しかしその人は本当の相手ではないのです。結婚できる相手と満足の生活が送れます。
辛未,2,チャンスは3度の象,あなたの長い人生には、大きな飛躍のチャンスが3回訪れます。最初は苦労の連続ですが、20代初めに到来するチャンスに乗れば、上昇気運のまま晩年まで順風満帆。女性は芸能関係、男性は芸術面で成功するでしょう。さらに30代、40代でもチャンスは1度ずつ訪れるのですが、今のままで充分と満足し、それらのチャンスを見送りそうになるかも。しかし晩年になって後悔しないためには、ぜひそのチャンスもいかして。恋愛でも、また次があるはずと、もう少しで上手くいきそうな交際を諦める歯がゆさがあなたの欠点。恋のチャンスは粗末にしないで。結婚後の主導権はあなたが握ることになりそう。
辛未,3,黄金の配偶者の象,あなたには、外面からは判断できない最高の相手を選別できる能力があります。その能力は、あなたの人生で必ずプラスに働くはず。特に20代までの恋愛を疎かにしてはいけません。仕事と恋愛のどちらかを選択しなければならない事態に直面したら、必ず恋愛を選ぶこと。たとえ相手がどんなに悲惨な過去を背負っていても、そのときのあなたの気持ちを重視すべきです。注意することは火災。特に40歳以降は火の取り扱いなどを慎重にして、防火対策を万全に。職業は、進学塾の教師など教育関係が適職です。
辛未,4,汚れた宝玉の象,あなたは本来、自由な発想を武器に人生を切り開いていく運勢を持っています。しかし、主に10代のころちょっとした過ちがもとで、不遇をかこつ危険が。その期間は、女性は恋愛、男性は仲間関係に特に注意が必要です。ここを用心しつつ問題無く乗り越えることができれば、あとは運勢がよい方向へと自然に進んでいくでしょう。コピーライターやコラムニストとしての才能は高く評価されるはず。恋愛面でいうと、男性は少し惚れっぽい傾向。悪い女性にかかわらないように注意してください。女性は、相手の男性に不満を持ちやすいので、結婚を考える相手美しく輝く宝石のような存在。しかし色情で人生に狂いを生じる暗示が漂っています。男女とも異性をひきつける独特のフェロモンを分泌しているのです。そのため、恋愛面では早熟で、18歳ぐらいまでにあらゆる恋を経験しつくすという勢いかも。あわよくば色気を使ってお金儲けを、などと考えがちですが、それは賢い選択とはいえません。美しい宝石が泥水に汚れては、価値を失ったに等しいのです。若い時期の恋愛にはくれぐれも用心すること。仕事は味覚に関する分野、料理人などが適職です。初めは思うように進まないかもしれませんが、やがて名が売れるでしょう。
辛未,5,恋に倒れるの象,幼いころから周囲に好かれる人格の持ち主があなたです。ところが、思春期を迎えたころから異性問題が頻発します。そして、それが原因になってトラブルに巻き込まれる傾向が。あなたの弱点は、恋にひどく脆い部分なのです。男性は人妻を奪って駆け落ちするという暗示。女性も三角関係のもつれから大事件を起こす恐れが充分にあります。また復活愛のサインが強いので、過去の人だからとないがしろにしないで。適職は接客業やクラブ勤めやヘアーデザイナー。異性との接点の多い仕事ですから、公私の区別をしっかりつけて。金運にはかなり恵まれていますので、生活に困ることはないでしょう。
辛未,6,台風一過の象,あなたは挫折・不幸・苦痛をなめつくさなければ幸運に辿り着けない運命。ただ、もし若いうちに苦労を積んだとすれば、成功は人生のわりあい早い時期にやってきます。「若いうちの苦労は買ってでもしろ」というのは、まさにあなたの幸福のためのキーワード。職業面では、いくつもの仕事を転々とすることで、だんだん成功をつかみとるでしょう。肉体労働や事務関係の仕事をひととおり経験したあとに、自分で店舗を経営し、財産を蓄えるはず。公務員には向きません。恋愛では土壇場に強いのが特徴です。三角関係に非常に強さを発揮するでしょう。上品な相手と結婚し、幸せになるのは確実です。
辛未,7,足かせの象,あなたの人生には不思議なことが多いかも。常識では考えられない奇妙な出来事が周囲で多発し、もしかするとその後始末をする役回りになるかもしれません。しかし面倒に思っても、それから逃れようとするとかえって自分に不幸が降りかかります。自らそれに立ち向かい、たとえばボランティア活動のような仕事をすることで、怪異は消滅し、理想の生活が送れるのです。飽きやすい性格が仕事上にも顔をのぞかせることがありますが、転職は凶となる可能性大。一度決めたことを曲げてはなりません。結婚で幸せをつかむには少し時間がかかりそうです。恋愛と結婚は別に考えたほうが、幸せをつかめるでしょう。
辛未,8,学者の涙の象,学問で名をあげるにはまことにふさわしい運命です。少なくとも、学習塾や教材の販売会社で、あなたは大きな成功をつかみとることができるでしょう。教育関係の道を選択すると、あなたの運命の扉はみるみる開いていくはずです。しかし、恋愛のスキャンダルにはくれぐれもご用心。仕事のジャンルがお堅いだけに、もし不倫などの問題を起こせば決して見逃されません。そもそも、まじめで考え深いあなたにスキャンダラスな恋愛など不似合いなのです。あなた本来の感性を貫ける恋愛の形があるのですから、見た目の派手さに引きずられたりしないで。それさえ守れば、仕事・家庭ともに安泰です。
辛未,9,海外飛翔の象,あなたの才能をダイナミックにいかせるのは海外。日本はちょっと狭いかもしれません。学生時代から海外に親しみ、外国の人々と交流を持つことが成功へのステップなのです。しかし、外交官などのオーソドックスな職業はあまり適当ではなく、イベント関係が適職。手品師や大道芸人を集め、イベントを企画する方向で実力を発揮するでしょう。また、恋愛面でも外国人との恋を多く経験することは間違いありません。でも結婚だけは日本人と、ということになりそう。あなたという存在の中核は、男女問わず実は古風なジャパニーズ。そこが個性的に映るからこそ、海外で成功できるともいえるのです。
辛未,10,花の生涯の象,あなたにとって、我慢や忍耐を伴うような努力は時間の無駄。気休めにすぎません。あなたは異性を惹きつけるすばらしい才能の持ち主。主に芸能関係や接客業で大きな成功をおさめられそう。しかも自分の気の進まない努力はしなくてよいのです。ホステスやボーイから出発して、短期間で複数の店のオーナーにまで成長できる才覚があるのです。もし、あなたが堅苦しい仕事に就くと、息苦しさを感じて恋愛問題を引き起こしてしまうかも。運命から授けられたフェロモンを活用して初めて満足のいく人生が保証されるのです。結婚は事実婚や、パートナーがいても結婚しないという形をとるかも。独身主義の人も。
辛未,11,天動説の象,世界はあなたを中心に動いています。芸術面でも実業家でも、女性ならその美しい肢体をいかしてモデルになっても成功はほぼ間違いありません。しかし、出だしは2番手集団の一員です。ライバルの成功を陰から見つめ、悔しい思いをすることも多いでしょう。しかし、やがてあなたが脚光を浴びるようになり、ライバルを大きく引き離すでしょう。決して最初から1番を狙ってはいけません。恋愛でもそれは同じ。わざと目立たないようにふるまってこそ、あなたは恋の勝利者になれるのです。金運にも恵まれています。結婚相手に浪費家の兆しがありますが、だからといってお金に困ることはないでしょう。
辛未,12,好機を逸するの象,あなたはとても人当たりの良い人。それはいい方に働き、結婚運や友人運にも恵まれます。しかし人がよすぎることが災いして、せっかくのチャンスを失うことがありそう。ここぞというときに意思決定に迷ってしまい、時期を失うのです。その要因は、他人の目を意識しすぎるため。よい人物だという評価を得たくて、自分の真の願望を押し殺すのです。ちょっとわがままかと思っても、たまには思い切って口に出して見ることが大切。適職は耳鼻科や眼科の医師。あるいは表具師など、手先の器用さをいかしかつ特殊な仕事が、あなたの弱点を補うでしょう。恋愛については、口のうまい人に警戒すれば大丈夫。
壬申,1,2度死ぬの象,あなたは人生の前半と後半で、極端に違う人生を送る人。たとえていうと、前半が家来なら後半は王様。あるいはその逆。波乱の人生の暗示です。過激な発言をして周囲の反感を買ってしまい、志なかばで振り出しに戻らざるを得ない立場に追い込まれることも。それを回避するには、人脈を形成できる仕事に就くこと。デスクワークよりは営業関係の仕事があっていそうです。男女とも一生、働き続ける運命にあることは覚悟しなければなりません。恋愛面では復活愛がつきもの。新しい交際が始まると、なぜか過去の異性からも連絡があるのです。結婚相手は、幼なじみの中にいる気配が濃厚です。
壬申,2,導火線の象,あなたの青春期は導火線の役割を果たしています。ダイナミックな行動力と、奇抜なアイディアは、周囲の理解を得るのに時間がかかるでしょう。しかし、それは成功をおさめるためのシミュレーション。中年期に成功の大爆発を起こすのがあなたです。女性も、子育てが終わったあとに活躍の場が用意されます。仕事は作曲家や作詞家、あるいはそれらの芸術家をとりまとめる興業関係もあなたにピッタリです。恋愛の場面でも、あなたの社交性や才能は遺憾なく発揮され、プレーボーイ、プレーガールとして一世を風靡するはずです。結婚後にも恋の兆しが。しかし家庭を崩壊させるような仲には発展しそうもありません。
壬申,3,桃色の雲に呑まれるの象,あなたは本来、世界の指導者にまで出世できるような運勢の持ち主。その運を壊さずいかしきるには、色情のコントロールが不可欠です。悪い相手を好きになってしまったり、好きになると盲目的に恋の道を突っ走ったりしそうな性向を持っていますが、ここは理性の声に従うこと。20代から30代にかけての時期に激しい恋の暗示がありますが、それを楽しみにしつつそこに溺れてしまわないようにするには、生きていくための技を身につけておくことが必要です。たとえば調理師や特殊車両の免許などを持っていれば、それがあなたの職業運をしっかり支え、命綱の役割を果たしてくれるでしょう。
壬申,4,腐れ縁の象,あなたはクールな雰囲気を身にまとったカッコいい人。しかし、情にひどく脆いのです。また、ここぞというときになるとあなたの前に異性が現れ、あなたの成功と失敗に影響を及ぼします。あるときは成功だったり、あるときは失敗だったり。そんなあなたはできるだけ大きな会社に就職するのが吉。そこでは、異性の紹介で順調に出世していけるはずです、そこで一定の地位を得ておくことが、後々にやってくるピンチをも救います。女性は美容やメイクの世界で大きな飛躍が約束されそう。恋愛面でも腐れ縁の暗示があります。結婚は、パートナーと協力し、小さな不満をこまめにクリアしていくことで長続きします。
壬申,5,5分の4の人生の象,盤石な運勢に支配されています。両手に余るほどの喜びと財産。その上財貨も免れるというまさにセーフティつきの人生です。あまりに運勢がよすぎるので、何かを諦めて調節する必要に迫られるかも。それはもしかしたら名声や財産を得るために恋愛を途中で諦める、ということかもしれません。確かにつらい選択で、あちで寂しさを感じたりすることもあるでしょう。しかし、何かを手放さないと、あとになって濡れ衣に苦しんだり、貧乏生活に喘ぐ恐れがあるのです。そのときに良く考えて決めたことなら、それが最良の決断。職業は政治家の秘書などが、あなたの幸運にいち早くたどりつける仕事です。
壬申,6,古きを捨てて新しきを取るの象,コンピューター関係や心理カウンセラーなどの比較的新しい職業であなたの運勢は効率よく回ります。家業を継いだり、伝統を守る仕事は、あなたには向いてないかも。へたに家督を継ごうとすれば、全財産が剥奪されかねません。「旧事はは絶する」という運命のもとに、あなたは生まれてきたのです。とりあえず新分野に挑戦することだけを考えてください。恋愛運、結婚運とお全く心配はありませんが、子供には多少苦労させられるかも。たとえば、自分の子供のしたことの後始末をさせられることがあるかもしれません。晩年は健康管理と周囲の安全確保に注意を払うことが幸福の鍵です。
壬申,7,偽善の人生で成功するの象,あなたは融通がきかないといえるほどまじめで実直。しかし、それだけでは人生の荒波をかいくぐって成功を手にすることは困難です。あなたには二つの道が用意されていると考えてください。貧しくても正直に生きるのか、自分のまじめな性格に反する道を選ぶか。もし成功を手にしたいと思うなら、思い切って自分の考えと正反対の態度をとることも必要です。30代ごろに転機が訪れますので、今までの習慣や人間関係のしがらみにとらわれない判断を。それによって財産を手に入れる暗示です。適職は百貨店などの流津産業に向いています。恋愛ではかなりの策士。狙った相手は逃しません。
壬申,8,献身がお金に化けるの象,あなたの人生のキーワードは献身。人につくすことで幸運がめぐってきます。金運も名声運も献身から。女性は男性のサポートをすることで自分が主役に躍り出られるでしょう。男性もボランティア活動や、人生を楽しませる仕事することが幸運の最短コースです。小説家でも漫才師でもテレビ局に勤めることでもいいのです。エンターテイメントに徹することで、道が開けてくるはず。大恋愛のサインが20代に見られます。最愛の相手と劇的な恋愛経験を経て結ばれるでしょう。このものことで問題が生じ、夫婦の間に波風が立つかもしれませんが、ふたりで協力して乗り越えます。
壬申,9,好色な人徳者の象,あなたほど信頼され、その優れた人格を認められる人はいません。不幸な人を放っておけない心の持ち主なのです。しかしそれが少々行きすぎて、不適切な関係にまで発展すると、それまで培ってきた幸せに翳りが生じてしまうかも。責任感がわざわいし、不幸な相手を見ると、必要以上に手助けをして、それが恋愛にスライドしてしまうのです。20代、30代の恋では必ずといっていいほど、相手の生活を援助する傾向が強く表れるでしょう。宗教団体に所属すれば、上層部まで昇れるはず。仕事は司法関係が適職です。また、私生活においても、近所の相談役として信頼されそうです。
壬申,10,後手必勝の象,あなたは協調性の人。それをいかして周囲を明るくすることに神経を配れば、それが最高の生き方に結びつきます。財産はまあまでも、楽しい一生は保証つきです。トップを目指すことは、あなたにとってあまり重要ではありません。むしろ率先して裏方に回ったほうが、自分のやりたいことをまっとうできるでしょう。芸能人のマネージャーなどはあなたにうってつけ。恋愛ではなかなか隅におけません。その気はなくても、異性を相手にすると即、恋愛感情が作動するのです。同時に複数の恋人を抱えてしまうかもしれませんが、決断は早めにつけること。結婚生活でも、時間はかかりますが幸せをつかみます。
壬申,11,前進だけの人生の象,あなたの人生は20歳過ぎからが本番。それまではあまり恵まれないかも。勉強しても成績に反映しなかったり、悪い相手と恋に落ちたり、全身傷だらけの青春時代でしょう。それに対するあせりからか、運が開けると遅れを取り返すべく全力でばく進。ひとつの職業では満足せず、接客業や警備員の副業をかけもちして稼ぎまくるでしょう。いくつもの職を経て、30代には大きな商売を成功させる暗示が。業種の異なる複数の職業を同時にこなせる才能を自覚することが成功の秘訣です。恋も仕事がらみでスタート。でも、恋は仕事ではありませんから、職務能力だけで恋の相手を判断することは避けて。
壬申,12,村祭りの象,楽しみに満ちた人生です。人と人のつながりのぬくもりを全身で感じ、幸せのまま突っ走れる人生なのです。財産は残せないのかもしれませんが、身分や家柄にこだわらない心の広さが周囲に愛され、地域の中心人物として信頼されるでしょう。家族の間の絆も強く、ピンチに陥っても、必ずだれかが助けてくれるはず。仕事は鉄道関係などが吉。できるだけ倒産する危険の少ない会社を選ぶことが、あなたの福徳運をよりいかしてくれます。またよい趣味を持つことで、人生の喜びはさらに倍加するでしょう。恋愛に関しては意外に早熟です。結婚も早めにして正解。晩婚や離婚はあなたの人生にマイナスでしょう。
癸酉,1,老後に一花咲かせるの象,あなたの苦労は必ず報われます。ただ、その時期が老後かもしれないのが根気のいるところ。チャンスがないのではありません。人を出し抜いてまで成功したいというハングリー精神が希薄なだけなのです。認められなくてもいっこうに平気。その気の長さがあなたの長所。その日が楽しければいいのです。土地に縁のある運勢なので、園芸関係や酪農で安定した生活が約束されています。その気になれば相当の財産を残せますが、その気になるのは、やはり60歳すぎ。恋愛でも、あなたを好きになる相手はみな粒ぞろい。仕事で逆境に陥っても、温かい家庭に救われる幸運な人があなたです。
癸酉,2,やせ我慢の象,あなたは、若くして一家の大黒柱となって奮闘しなくてはなりません。そのため、いろいろな夢を断念する場合が多いでしょう。しかし、20代で突然自我に目覚めます。独立して、事業を興すかもしれません。出版社も向いています。天性のカンのよさで、ベストセラーを生むことになるでしょう。人生の後半は、運が向こうからやってくると思えるほどツキに恵まれます。しかし、あなた自身は、若いときの苦労のせいで、最初から恵まれた人に反感を抱きがちです。でも、それでは孤立するだけ。恋愛がなかなか成就しないのも、劣等感が原因です。もっと自信を持って強運を楽しんでください。
癸酉,3,亀の歩みの象,じわじわと夢を実現する運命です。急な開運はないかわり、最悪の出来事も少ないでしょう。公務員か国がらみの仕事を見つければ、やがてはかなりの地位につけるはずです。各地を渡り歩く暗示があるので、転勤族かもしれません。女性も、結婚後は夫の転勤で各地に友達ができるでしょう。でも、あなたは本心では、いつでももっと派手で激しい生き方を望んでいるかもしれません。しかし、それは危険な誘惑です。派手な行動に出た瞬間、あなたの運勢は大きくストップし、恋愛も暗転しはじめるので注意してください。消極的な生き方をしてこそ、あなたの恋はかなうのです。結婚も相手をおだてて幸せをつかみとります。
癸酉,4,交通事故の象,トラブルに直面するとパニックになりがちなあなたは、20歳すぎに大失敗をして、生活も恋も失う危険があります。刑罰という暗示があるので、最も考えられるのは交通事故。最悪の場合、加害者なりかねません。ハンドルは握らないと決意するのも、あなたの場合は正しい判断。また、仕事にずるさが出れば、一気に飛躍する人なのですが、なかなか悪人になれません。でも恋愛では、その人柄が愛されます。不思議な縁で結ばれる暗示が出ていますが、それが突然崩壊するサインも点滅。やはり交通事故でしょうか。ここを乗り越えられれば、幸せな結婚もし、デザイン関係の仕事で満足する一生です。
癸酉,5,矢面に立って財をなすの象,よいことも悪いことも、あなたの予想したことはすべて現実のものになります。予知能力の持ち主なのかもしれません。そのような能力を恐れられるのか、ときには周囲から嫌われ、何かと矢面に立たされがち。しかし、それが財運を形成する道筋となります。あなたの何気ないひとことが社運に影響を与えるほどの力を発揮します。観察眼が鋭いので、会社の人事課には欠かせない人といえます。人生は35歳から開いてきます。色情は強いほうなので、道ならぬ恋に泣く経験は避けられません。でも、心配ご無用。結婚すれば家庭第一主義のいい配偶者に恵まれ、子供もあなたを助けてくれます。
癸酉,6,遅れてくる龍の象,あなたは待てるでしょうか。40歳を過ぎないと、あなたの才能は認められません。それまでは長い下積みの生活に苦しめられるはず。恋愛運だけが、そんな苦労を救ってくれます。あなたは10代から、すばらしい恋をいくつも経験するでしょう。その記録をとりましょう。いつか、その経験があなたの人生に役に立つのは間違いありません。なぜなら、あなたが認められるのは芸術方面。蓄積した恋の思い出が、財運に変わるのです。配偶者運も最高で、不遇時代のあなたを親身にかばってくれ、その愛は一生変わりません。
癸酉,7,リバーシブルの象,あなたは賢く生きるための人生のコツを会得する前に、かなりの時間が必要です。早くて20歳。一生知らないで終わるケースもあります。ひとことで表すなら、そのコツは「自分の考えとは逆の行動」なのです。むずかしいようで、単純な法則です。あなたは自分の予測とは反対にに進むことが特徴なのです。それを悟ることが、成功の鍵。もともと財運も出世運も良好なので、その鍵をこじ開けるだけで成功はあなたのものになります。ディスカウントの商売があなたの商才をさらに飛躍させるはず。特に恋愛面では、逆の行動理論が恋を成就させます。結婚もすべて、この知恵が幸せへのパスポートです。
癸酉,8,鬼に魂を売るの象,非行に走りやすい運命です。美しい夢や理想を悪魔に売り、浮世の享楽に身を浸しがちなので、よほどの意志力がないと危険です。家庭環境も当てにできません。運勢も気紛れです。頼りになるのはあなたのパワーだけ。決して悪事に走ってはなりません。それを心に刻んだら、聞いてください。あなたには、実業家として恐ろしいほどの成功が約束されているのです。また異性運もダイヤモンドのように輝いています。けれど、あなたはその異性運に無防備に甘えてしまいそう。自分を厳しく律しないと恋愛の放浪者となり、孤独のまま一生を終えてしまうかもしれません。結婚後は浮気に注意しましょう。
癸酉,9,火の鳥の象,貴人、つまり有力者があなたの近くに集まる暗示があります。現実の失敗など何とも思わない、未来志向の強い精神力があなたには備わっています。失敗するたびに、前より巨大に成長するのが特徴なのです。職業は宇宙開発や原子力研究所などの最先端技術の技術畑。女性はファッションデザイナー。前人未踏が成功の秘訣です。世界的にも認められることは間違いなし。恋愛では燃えるような恋をします。仕事を捨てるほどの熱烈な恋があなたの人生をひときわ華やかに彩ります。不倫というか達で表れるかもしれませんが、この恋が、あなたを成長させる要因になるでしょう。老後も元気いっぱい、第一線で活躍します。
